{"sizes": [17, 35, 3], "weights": [[[0.10479784591433886, -0.014049481217821874, -0.7066265390087888, 0.1998825622451448, -0.4702859024849263, -1.1165621318839898, 0.1286237020801266, -0.03193421735596982, -0.6213407397768151, -0.04046752187859101, -1.2452816133595646, -1.787105498550399, -0.4700918907870167, -0.07124918169285573, -0.652546950264969, -0.004200427381715558, -1.515595647567403], [0.3091935175725087, -0.17657328171645234, -0.2972876910341074, -0.15735807924421472, 0.2576973102199384, -0.4206031217927354, -0.7500377924529938, 0.2729818009718315, 0.2755733205352162, -0.06145155508727631, 0.26335434335208924, -0.08392500350361423, -1.470396289819975, -2.6795565807313984, -0.20342518866641957, -1.3345011906927657, -0.2157042735259573], [0.10573923188184776, -0.309950927254959, -0.5011627077310655, 0.170347490827289, 0.18118675776513993, -0.19257359866615859, -0.27929004716123074, -0.5256172181235952, 0.6696318465655325, 0.14477087856061133, -0.1381218539603723, -0.5947107177740307, -0.20197642492664142, 0.5038744446553713, -0.2562505368032026, -0.3155180317519077, -0.22131238769395722], [0.16674401864024518, -0.12328358567987482, -0.23059526563240765, -0.04309959047012152, 0.16344620397400764, 1.006633143964117, -0.7833822935288096, -0.3341741579034014, 1.3296136833861627, 0.048134394885735954, 0.032408457548702, -0.23861559574270316, 0.45450421706018085, -1.3144984626889094, 0.9333262326780687, -0.33527041511696676, 1.2037072387770507], [-0.20539745474450757, 0.9986740976744392, 0.5965698006815705, -0.0064778441929689515, -0.21172258659463403, 2.4555647401432097, 0.555877394519488, -0.33989136595420505, 2.40600661829754, 0.11330937715868337, -0.8045663771927077, -0.9458722641618559, 1.9369557378366855, 5.050236811402346, 0.6470996551414091, 1.8002185537359559, 0.24808011120322113], [0.42779343441126616, -0.20021859089432142, -0.8616521744348299, 0.24687852554954157, 0.2807367276489709, -0.7771020339539462, -0.613139046579262, 0.491828204611093, 0.6724559162591005, -0.021297021208324825, -1.4710347868217704, -1.3619463321245178, -0.9430820247295695, -0.5997513840157802, 0.2847188245794852, -0.9523929748810944, -0.5451926343059983], [-0.36841043889046565, -0.2480909511450562, 0.15699448515976994, 0.21705660745760819, -0.14001047094393124, 0.5089448892804522, -0.11940775823838479, 0.2960038103516633, 0.7929833319431842, 0.16994138731242053, -0.3231554735592305, -0.39459197687405795, 0.23362058021217816, 1.069057824424938, 0.06800736746072102, 0.40960998267249854, -0.13353771583529522], [-0.26624572018979187, -0.826524873741906, 0.3728046314154619, -0.04496543351059432, -0.09646249462533593, -1.9524686813921108, 0.0516030659568943, -1.0665280406417972, -1.59660923352024, 0.5542588595631877, 4.622043993570619, 7.291591428763618, -0.5359421952053164, -5.370175532050348, 0.05521315027864952, -1.5997568841755776, -0.5117080889997703], [-0.13729922369607334, -0.16638910426913645, 0.016187800287557817, -0.14324639409974876, -0.29936402958407016, 0.21289420925518243, -0.12499251645079527, -0.22366857732091108, -0.12188322914577264, -0.3644449717666202, -0.2738453467103305, 0.007181403208744384, -0.4393967680411083, -0.8443392291107243, -0.2860580518001884, -0.4796845825479589, 0.11746305280091682], [-0.3554511542008632, 0.03150094901735001, -0.029116551979903146, -0.13719547286267095, 0.2177666631306319, 0.16185810795366903, -0.11641448020116214, 0.38802759380351937, -0.28342944925658164, -0.08613667749112763, 0.30818266285737156, 0.5120217491538332, -0.2667423722804961, -0.4591993706517542, -0.19558117336350697, -0.5471197155085881, 0.22669082274170618], [0.2057620119674828, -0.6958297848423071, 0.2193349906601402, 0.2637989602078438, -0.07996176604725673, -1.5117332497863833, -0.1275661075383608, -1.182783926480444, -3.293234628265621, -0.4571650003883386, 2.877277325374187, 5.6863136231158995, 0.21065774113133115, -3.1351761807760807, -1.0257674503628775, -0.14665067274427418, 0.15208812988154122], [0.11666382650643664, 0.04579558978336889, 0.04484850931751188, -0.04946738916300446, 0.4765349875770282, -0.34910232412356434, 0.15893098270848557, -0.10814084734410108, -0.5388052910708465, -0.12061398860622254, 0.3606755500492566, 0.11995025494643818, -0.17850909901569795, -0.38794932355442563, -0.3059871031487896, -0.3859717749145253, 0.10278830946124383], [-0.38126345815183477, -0.5989742743654171, -0.45780941730717156, 0.1640529207312208, 0.033632228404897435, -0.34428913944335154, -0.29195817068573443, -0.13457942385099922, -0.3688524309247353, -0.17799944615323338, 0.1648592626834053, 0.7673764755061285, -0.8660671567643717, -2.2647831812681236, -0.19260764132346408, -0.7171619303980257, -0.061867862111850816], [0.007954156491459271, -0.05900867019948117, -0.4490357249270385, -0.060972760373327405, 0.17358237501847723, -1.2306465396442536, -0.11584905186598742, 0.6510474436359585, -1.8531676936148143, 0.45231842724240484, -0.49450337721532045, -0.628018791823051, -0.8368205835036566, -0.1518409962786383, -0.28666946747739885, -0.11110348105126587, -0.4312875786694177], [0.0012320580825525653, -0.3983746271123244, -0.9267556941861489, -0.13492462092059673, 0.16785139655538328, -1.3026582316503807, -0.6122577287988181, 0.73779001091191, -1.64460575375881, 0.40586452315127053, -0.1925953706854439, -1.119785140523514, -0.6287295865453018, -1.8293586923996328, -0.8059192654109738, -0.1589170173581159, -0.47199756614247373], [-0.408809558713307, -0.3504442013577723, -0.2919273778672867, -0.272170301216855, 0.029366374648802946, -1.170508451393528, -0.6143982632369077, 1.1567095501486384, -0.40679789273119854, 0.36372916306549463, -1.3127370070766686, -2.2626166225635935, -0.4399302973776574, -0.34158939874241506, -0.27315241509964194, -1.0327507152619604, -0.7638185983407513], [-0.38551169148009873, 0.7943469989287898, 1.1263714931407864, -0.47536114232842036, -0.9096114913502688, 3.840828044167975, -0.5150979937144725, -1.757701854778546, 4.229011727138865, 0.18001265018348486, 2.1721775430149877, 2.680583889893019, 1.0130073207444814, -0.10097171755547264, 1.3166767609512617, 0.7971037058689474, 1.4400243841763607], [-0.443308332232878, 0.30079117660901905, -0.3566148890554972, -0.044963964340334284, -0.11137658039644602, -1.8654571294157671, -0.06583535164244131, 0.6257402060311011, -0.877011851949137, -0.4590426989498787, -1.074471677155399, -2.719530509375496, -1.5866002940327744, 0.028794809234775186, -0.2482789106776226, -0.6840391153720845, -1.7999138585158732], [0.18222490524083276, -0.6314511528508827, -0.21327725301724865, 0.19361900655477415, 0.2282847414148212, -0.4047806422911983, 0.13125152915522087, 0.009126739443792222, 0.263460540439024, -0.41245510306845, -0.5102900978879957, 0.680637565850134, -0.038666630457834, -0.5991637137296664, -0.2669745182425207, -0.21640251459493803, 0.05782814749610123], [-0.04459187551515002, -0.4591387783753984, -0.43877899584742475, -0.13114043405569514, 0.07247972006814923, -2.5878241535821767, -0.15461040989943767, 0.9016675726647527, -1.9805133824076049, 0.07984518009095773, -1.874025257399751, -3.267508586432381, -1.4545322817968767, -0.9879629238006902, -1.2593760263702627, -0.44471648530643576, -2.0993445070647665], [0.4739778832637041, -0.07073086046987427, -0.8163869044877079, -0.072092771993583, -0.14231571887153766, -0.893125895693718, -0.5787392974817654, -0.11132586885871998, -0.03557638246650231, -0.11090661023989914, 0.6056743525811218, 1.205652124109378, -1.8106624294614644, -3.0022743922012327, -0.383669153577144, -1.791332802008534, -0.09770677943945219], [-0.2959424347178028, -0.15944751881920985, -0.1944627445610299, 0.24175972261673306, 0.3537027254039634, -0.45139494653478773, -0.35922384949779257, -0.007275647120167143, -0.2870834832869304, 0.1848544116065147, -0.3647890985451629, -0.2382850274006813, -0.3396531194140548, -0.9758164513880271, 0.402129920031263, -0.2778669814517967, -0.007282461354564486], [-0.24249359826245787, -1.4744835033542045, -0.592851518535411, 