{"sizes": [17, 35, 3], "weights": [[[0.01748885379689395, 1.0905093929431442, -2.892813231678141, 0.19539492163672967, 0.21014583738833245, -1.3910829657702368, -1.0328944891790257, 5.52922737590983, 7.5136855570187375, 0.18155293392009844, 0.2934045776446933, -8.473805195240974, -2.2820194826730917, 3.4266610770674406, -5.041919881637331, 4.950852052070167, -10.134795528677762], [0.2860803470025516, 2.230226304857137, -2.995844029407283, -1.0668042237413027, -2.79556143621256, 7.157707693756561, 0.019259649762582275, 1.7402588212225312, 15.015413025860347, 0.1020185043660756, 0.868135815021174, 0.8440215053609068, 2.9384375307613086, 7.616919003930108, 3.9604358989268715, 0.5580456996167329, 1.4698091101347694], [-0.05440056105971491, -1.5038835724735031, -0.11956340851001404, 0.30480158801043145, 1.5425427862376386, -3.3208057065765195, -1.2638294929156373, 2.0850393999148586, -2.1481025114818815, 0.15469407167654378, 5.035862686341561, 6.936050396657527, -2.993152749351336, -5.448086498814553, 0.5064601786221723, -4.069806602685283, -3.5234191289407892], [0.0017442784251045101, -0.6376950075681992, -1.1305058377665955, 0.13717048730227574, 0.37908008627153794, -1.3942245498159256, -0.19002488327472483, -0.14753036709575898, -1.0593273326407138, -0.21519017628319795, -0.6595016423335998, -0.05029228980314296, -0.6648513872846336, -0.15062205966008668, -0.37209272579939756, -0.7413277782264855, -0.055092697391440036], [-0.06573517513534675, -0.3151137259135915, -0.059702248746808316, 0.23501766803860924, -0.13981815174239995, -1.0918726844784632, -0.34243048341401594, 0.5804209158002304, -1.5768831025437975, -0.09080591693944558, -0.9093647349415255, -1.1957153596431342, -0.7877510224618723, -0.7935179936439557, -0.2292044911993723, -0.792040504468026, -0.2762436762909312], [-0.07390713011360596, 0.4688347528326459, 0.5101379048896209, -0.6950923843612054, -1.296249992891151, 1.2464044502539064, 1.3620574270162524, -1.176420371692672, 1.0374181151798798, -0.18407260873544423, 2.3496259383055693, 2.9488593201916915, 2.3507392087642023, 0.2769717911329646, -0.15076387561519344, 1.4094970785420784, 0.04735023282143654], [-0.26811933505675, 0.29535098354998557, -1.5763559240836282, 0.09339736944752057, 0.21590244712946458, -0.6531951719666637, -1.5381445374714284, 1.024368161734935, 1.0599485009079619, -0.007417759705144731, -0.8073069759869662, -2.568749185313212, -0.21461911139907255, -2.246134132638225, 1.8843251771889997, -1.5882396462787807, 0.39795848119396143], [-0.1931648257098136, -2.5443340546509474, -1.8789649340690473, -0.05223566802529642, -0.1152006754612462, -3.170873692255509, -0.9886622983978675, 0.5040358669106015, -3.3072033460038948, -0.07365436287543953, 2.5570493207935834, -9.891051482532246, -0.8559176308577843, -4.522973933269192, -5.9473373332047546, 1.3567192489393847, -5.979434213316742], [-0.5429528137497704, -0.7174297589496201, -1.1210774640416337, 0.300072352011197, 0.10097138719880701, -5.314175153115569, -0.7291566274217672, 2.9491327904298683, -5.697756786722667, 0.21742689354322267, -1.0549289289405566, -6.300530608282058, -1.536688492285711, -2.741506708156083, -1.004435952249665, -1.4961346696295363, -4.438661444719439], [-0.08123517051990503, -0.3007842258720606, -0.13736602894839356, 0.4512928076139319, 0.5677765230526233, -0.6616791104203348, -0.23914438561485493, 0.4028928715987981, -0.5011081360139702, -0.15002850383667246, -1.0708960681165751, -0.9648997068578157, -0.9883493548886696, -0.2813601236954551, -0.35585864447965865, -0.905847173567018, -0.44595031531996976], [-0.21682809730962188, 2.8002935252817864, -1.174061639980732, -1.0394545409733638, -3.977772849996406, 8.594517620005302, 1.1922264833872265, -0.7412259470364828, 16.846765147783902, -0.42775154296754525, 2.5516200005505745, 1.8960926431888694, 0.17136140717599752, 0.9320014857578968, 4.635442072293959, -0.9700971605386964, 1.5833703731838642], [-0.1295952697031581, 0.31942343603281137, -0.3575484315889921, 0.11708168688501677, -0.48509750085708303, -0.8189242146264495, -0.552281438589901, 0.9516564164005779, -0.25795004556343215, 0.09447504557900382, -0.473770831650845, -3.180888259132144, -0.7757498843305486, -0.08046251519541113, -0.34667729598854746, -0.49367620771424814, -2.7194657052722366], [-0.48934703157366816, -0.19084732922295605, -0.2827104646832068, -0.20811800377199213, 0.1656691877953654, -0.5113796091446965, -0.41020271106520345, 0.5876078699988878, -0.8086394290347844, -0.18558800577873727, -0.6110419970045571, -0.5488971203299616, -0.287556411174878, -0.28405081550007805, -0.2937559038966058, -0.42512761519758646, -0.3000584409367583], [-0.181554000717748, -0.8077246583223091, -1.3198346215121621, 0.5670222795963068, 1.403266272651771, -4.428983070714948, -0.043654427919327776, 0.6610592300229309, -5.341032660114636, -0.4983986751922276, 0.9952344695580231, 1.6162709261571935, -2.836884284028966, -6.3620183332208855, -0.3308940839292116, -1.3705366602098705, 0.1781154183275366], [0.28629722065753077, -0.8128480640865235, -0.3132178678566796, 0.6506228075759624, -0.45939197024547135, -5.834630745654035, 0.08228758434565, 3.5066882643929107, -3.6046265018397583, 0.1818657268585239, -3.9705682615695634, -4.695515134425583, -2.706642799770308, -1.278994008612221, 0.42063042714556925, -2.5989597018057546, -4.115873039101903], [0.16118575646866254, -0.42625615713402343, -0.0918081421443272, -0.1168865327892485, 0.003494603401770049, -0.4569291071185316, -0.7889910319681834, -1.394273479222573, 0.018962582460807256, -0.6631935353168613, 2.7524468739565373, 4.207317865319692, 0.5181667798926525, -1.8692834275592818, -0.05624080067803942, -0.36219408813828435, -0.007466959936211561], [0.12805118469309276, 2.666783629926033, 1.652902542772176, -0.43555476154281164, 0.3678650769683934, 12.136589248726738, -2.2280818135105567, -6.816840029676487, 5.528417947838635, 0.1759057116146622, 8.499185286996893, 6.880318448302027, 5.019257627531963, -0.07670800537367363, 2.0446632254632036, 3.387657664425353, 7.438424124163841], [0.22570602383643912, -0.814211984200758, -0.45927647899203505, 0.3650328519418555, -0.5617966611080107, -0.3262285057593126, -0.6895312749674641, 0.14105830898816102, 4.236319564451919, -0.2636895672879076, 2.779759337426342, 4.10289120023936, -3.9394217943546215, -6.459612982688401, 0.2722789005763844, -5.359391895216153, -2.181517611090685], [0.17056715107772952, -5.355275993317042, 1.6348270377996714, 1.304315793523262, 4.066004473889391, -9.786552397552956, -2.7422725022368497, -3.2728789093463475, -22.440378358785985, 0.07970057365924409, -0.18330082989293509, -1.6280258315925984, 1.822907997372258, -6.145848642824767, -11.0754691260746, 7.030564125141456, 4.173337209749683], [-0.20566967285388987, -0.2269931632750824, -1.036926822591468, -0.06689491707749307, 0.3682389184649643, 0.1546890064282609, -1.206955678827278, -0.17954506914107113, 0.9713361413196067, 0.04511726419094405, 0.44241707816785786, -0.25938517418516216, 0.5113578872374012, -2.0457273432448613, 0.7827534679656104, -0.8061589406586577, 0.7114630807155418], [-0.09591106858027434, -0.25337460894221653, -0.15204727304261287, -0.4306034334037807, 0.5352633500720172, -0.9280589720687048, -0.27360388299640803, -0.19894465187082963, -0.7346033682533365, -0.35255862813114675, -0.15953197031892677, 0.7794617073189095, -0.9415602962706318, -1.6748413309804726, 0.11539487914262236, -1.2088195822703856, -0.5263770415923349], [0.0972028633521526, -1.2273144530233437, 0.03705467583550081, 0.04671456112247179, -0.029581152694243454, -1.6315137428874136, -0.9042151636391046, -0.9068063451092625, 0.33523092844589525, -0.16083542835332532, 1.9334290751999634, 3.2977949937771873, -1.0122528313515526, -2.8789117933343062, 0.6664748981697639, -1.170165215966521, -0.9868648780357564], [0.012671024000595941, -0.282596833724959, -0.6267839922575755, 0.022124540052799468, 0.0763976174994634, -0.12464059365023086, -0.4814170138424344, -0.5633027985263299, 